2023-06-26,1399,22.06. bis 25.06.2023
2024-01-13,1399,22.06. bis 25.06.2023
2024-01-13,1399,22.06. bis 25.06.2023
2024-01-13,1399,22.06. bis 25.06.2023
2024-11-19,1399,22.06. bis 25.06.2023
2024-11-21,1399,22.06. bis 25.06.2023
2024-11-21,1399,22.06. bis 25.06.2023
2024-11-22,1399,22.06. bis 25.06.2023
2024-11-24,1399,22.06. bis 25.06.2023
2024-11-26,1399,22.06. bis 25.06.2023
2024-11-26,1399,22.06. bis 25.06.2023
2024-11-28,1399,22.06. bis 25.06.2023
2024-11-28,1399,22.06. bis 25.06.2023
2024-11-29,1399,22.06. bis 25.06.2023
2024-11-29,1399,22.06. bis 25.06.2023
2024-11-29,1399,22.06. bis 25.06.2023
2024-11-29,1399,22.06. bis 25.06.2023
2024-11-29,1399,22.06. bis 25.06.2023
2024-11-29,1399,22.06. bis 25.06.2023
2024-11-29,1399,22.06. bis 25.06.2023
2024-11-29,1399,22.06. bis 25.06.2023
2024-11-29,1399,22.06. bis 25.06.2023
2024-11-29,1399,22.06. bis 25.06.2023
2024-11-29,1399,22.06. bis 25.06.2023
2024-11-29,1399,22.06. bis 25.06.2023
2024-11-29,1399,22.06. bis 25.06.2023
2024-12-07,1399,22.06. bis 25.06.2023
2024-12-07,1399,22.06. bis 25.06.2023
2024-12-07,1399,22.06. bis 25.06.2023
2024-12-07,1399,22.06. bis 25.06.2023
2024-12-08,1399,22.06. bis 25.06.2023
2024-12-08,1399,22.06. bis 25.06.2023
2024-12-08,1399,22.06. bis 25.06.2023
2024-12-08,1399,22.06. bis 25.06.2023
2024-12-08,1399,22.06. bis 25.06.2023
2024-12-08,1399,22.06. bis 25.06.2023
2024-12-08,1399,22.06. bis 25.06.2023
2024-12-08,1399,22.06. bis 25.06.2023
2024-12-08,1399,22.06. bis 25.06.2023
2024-12-08,1399,22.06. bis 25.06.2023
2024-12-08,1399,22.06. bis 25.06.2023
2024-12-08,1399,22.06. bis 25.06.2023
2024-12-08,1399,22.06. bis 25.06.2023
2024-12-08,1399,22.06. bis 25.06.2023
2024-12-08,1399,22.06. bis 25.06.2023
2024-12-08,1399,22.06. bis 25.06.2023
2024-12-08,1399,22.06. bis 25.06.2023
2024-12-09,1399,22.06. bis 25.06.2023
2024-12-09,1399,22.06. bis 25.06.2023
2024-12-09,1399,22.06. bis 25.06.2023
2024-12-10,1399,22.06. bis 25.06.2023
2024-12-17,1399,22.06. bis 25.06.2023
2024-12-23,1399,22.06. bis 25.06.2023
2024-12-23,1399,22.06. bis 25.06.2023
2024-12-23,1399,22.06. bis 25.06.2023
2024-12-23,1399,22.06. bis 25.06.2023
2024-12-23,1399,22.06. bis 25.06.2023
2024-12-29,1399,22.06. bis 25.06.2023
2024-12-29,1399,22.06. bis 25.06.2023
2025-01-05,1399,22.06. bis 25.06.2023
2025-01-05,1399,22.06. bis 25.06.2023
2025-01-05,1399,22.06. bis 25.06.2023
2025-01-05,1399,22.06. bis 25.06.2023
2025-01-30,1399,22.06. bis 25.06.2023
2025-01-31,1399,22.06. bis 25.06.2023
2025-01-31,1399,22.06. bis 25.06.2023
2025-02-01,1399,22.06. bis 25.06.2023
2025-02-01,1399,22.06. bis 25.06.2023
2025-02-02,1399,22.06. bis 25.06.2023
2025-02-05,1399,22.06. bis 25.06.2023
2025-02-06,1399,22.06. bis 25.06.2023
2025-02-07,1399,22.06. bis 25.06.2023
2025-02-08,1399,22.06. bis 25.06.2023
2025-02-08,1399,22.06. bis 25.06.2023
2025-02-08,1399,22.06. bis 25.06.2023
2025-02-10,1399,22.06. bis 25.06.2023
2025-02-11,1399,22.06. bis 25.06.2023
2025-02-12,1399,22.06. bis 25.06.2023
2025-02-13,1399,22.06. bis 25.06.2023
2025-02-13,1399,22.06. bis 25.06.2023
2025-02-13,1399,22.06. bis 25.06.2023
2025-02-13,1399,22.06. bis 25.06.2023
2025-02-13,1399,22.06. bis 25.06.2023
2025-02-14,1399,22.06. bis 25.06.2023
2025-02-14,1399,22.06. bis 25.06.2023
2025-02-14,1399,22.06. bis 25.06.2023
2025-02-14,1399,22.06. bis 25.06.2023
2025-02-14,1399,22.06. bis 25.06.2023
2025-02-14,1399,22.06. bis 25.06.2023
2025-02-14,1399,22.06. bis 25.06.2023
2025-02-14,1399,22.06. bis 25.06.2023
2025-02-14,1399,22.06. bis 25.06.2023
2025-02-14,1399,22.06. bis 25.06.2023
2025-02-14,1399,22.06. bis 25.06.2023
2025-02-14,1399,22.06. bis 25.06.2023
2025-02-14,1399,22.06. bis 25.06.2023
2025-02-14,1399,22.06. bis 25.06.2023
2025-02-14,1399,22.06. bis 25.06.2023
2025-02-14,1399,22.06. bis 25.06.2023
2025-02-14,1399,22.06. bis 25.06.2023
2025-02-14,1399,22.06. bis 25.06.2023
2025-02-15,1399,22.06. bis 25.06.2023
2025-02-15,1399,22.06. bis 25.06.2023
2025-02-15,1399,22.06. bis 25.06.2023
2025-02-15,1399,22.06. bis 25.06.2023
2025-02-15,1399,22.06. bis 25.06.2023
2025-02-16,1399,22.06. bis 25.06.2023
2025-02-16,1399,22.06. bis 25.06.2023
2025-02-16,1399,22.06. bis 25.06.2023
2025-02-16,1399,22.06. bis 25.06.2023
2025-02-17,1399,22.06. bis 25.06.2023
2025-02-17,1399,22.06. bis 25.06.2023
2025-02-18,1399,22.06. bis 25.06.2023
2025-02-18,1399,22.06. bis 25.06.2023
2025-02-18,1399,22.06. bis 25.06.2023
2025-02-19,1399,22.06. bis 25.06.2023
2025-02-19,1399,22.06. bis 25.06.2023
2025-02-20,1399,22.06. bis 25.06.2023
